{"skeleton":{"hash":"MIrNmZr2oxjzHm9Ugxr8w8A6Scs","spine":"3.8","x":-127.48,"y":-1,"width":185.48,"height":1363.32,"images":"./images/","audio":"C:/Users/admin/Desktop"},"bones":[{"name":"root"},{"name":"dkjl-jg1","parent":"root","length":49.18,"rotation":90,"x":-0.33,"y":-0.01},{"name":"dkjl-jg2","parent":"dkjl-jg1","length":319.84,"rotation":0.03,"x":49.18,"scaleX":4.0671}],"slots":[{"name":"dkjl-jg1","bone":"dkjl-jg2","attachment":"dkjl-jg15"}],"skins":[{"name":"default","attachments":{"dkjl-jg1":{"dkjl-jg1":{"type":"mesh","uvs":[1,0.86469,1,1,0,1,0,0.86405,0,0.5,0,0,1,0,1,0.5],"triangles":[4,5,6,4,6,7,3,4,7,2,3,0,2,0,1,3,7,0],"vertices":[1,1,49.48,-70.33,1,1,1,-0.99,-70.33,1,1,1,-0.99,94.67,1,1,1,49.72,94.67,1,2,1,185.51,94.67,0.00739,2,136.37,94.6,0.99261,1,2,322.87,94.51,1,1,2,322.79,-70.49,1,1,2,136.29,-70.4,1],"hull":8,"edges":[2,4,8,10,10,12,12,14,4,6,6,8,2,0,0,14],"width":165,"height":373},"dkjl-jg2":{"type":"mesh","uvs":[1,0.86539,1,1,0,1,0,0.86539,0,0.5,0,0,1,0,1,0.5],"triangles":[3,4,7,4,6,7,4,5,6,3,7,0,2,3,0,2,0,1],"vertices":[1,1,49.22,-71.33,1,1,1,-0.99,-71.33,1,1,1,-0.99,107.67,1,1,1,49.22,107.67,1,2,1,185.51,107.67,0.00478,2,136.38,107.6,0.99522,1,2,322.88,107.51,1,1,2,322.79,-71.49,1,1,2,136.29,-71.4,1],"hull":8,"edges":[2,4,8,10,10,12,12,14,4,6,6,8,2,0,0,14],"width":179,"height":373},"dkjl-jg3":{"type":"mesh","uvs":[1,0.8653,1,1,0,1,0,0.86595,0,0,1,0],"triangles":[4,5,0,1,2,3,1,3,0,3,4,0],"vertices":[1,1,49.25,-71.33,1,1,1,-0.99,-71.33,1,1,1,-0.99,107.67,1,1,1,49.01,107.67,1,1,2,322.88,107.51,1,1,2,322.79,-71.49,1],"hull":6,"edges":[2,4,8,10,4,6,6,8,2,0,0,10],"width":179,"height":373},"dkjl-jg4":{"type":"mesh","uvs":[1,0.8653,1,1,0,1,0,0.86466,0,0,1,0],"triangles":[3,4,5,2,3,0,2,0,1,3,5,0],"vertices":[1,1,49.25,-97.33,1,1,1,-0.99,-97.33,1,1,1,-0.99,90.67,1,1,1,49.49,90.67,1,1,2,322.87,90.51,1,1,2,322.78,-97.49,1],"hull":6,"edges":[2,4,8,10,4,6,6,8,2,0,0,10],"width":188,"height":373},"dkjl-jg5":{"type":"mesh","uvs":[1,0.86466,1,1,0,1,0,0.86401,0,0,1,0],"triangles":[3,4,5,3,5,0,2,3,0,2,0,1],"vertices":[1,1,49.49,-58.33,1,1,1,-0.99,-58.33,1,1,1,-0.99,126.67,1,1,1,49.74,126.67,1,1,2,322.89,126.51,1,1,2,322.8,-58.49,1],"hull":6,"edges":[2,4,8,10,4,6,6,8,2,0,0,10],"width":185,"height":373},"dkjl-jg6":{"type":"mesh","uvs":[1,0.86336,1,1,0,1,0,0.86336,0,0,1,0],"triangles":[3,4,5,2,0,1,2,3,0,3,5,0],"vertices":[1,1,49.98,-70.33,1,1,1,-0.99,-70.33,1,1,1,-0.99,94.67,1,1,1,49.98,94.67,1,1,2,322.87,94.51,1,1,2,322.79,-70.49,1],"hull":6,"edges":[2,4,8,10,4,6,6,8,2,0,0,10],"width":165,"height":373},"dkjl-jg7":{"type":"mesh","uvs":[1,0.8653,1,1,0,1,0,0.86401,0,0,1,0],"triangles":[3,4,5,3,5,0,2,3,0,2,0,1],"vertices":[1,1,49.25,-71.33,1,1,1,-0.99,-71.33,1,1,1,-0.99,107.67,1,1,1,49.74,107.67,1,1,2,322.88,107.51,1,1,2,322.79,-71.49,1],"hull":6,"edges":[2,4,8,10,4,6,6,8,2,0,0,10],"width":179,"height":373},"dkjl-jg8":{"type":"mesh","uvs":[1,0.86466,1,1,0,1,0,0.86466,0,0,1,0],"triangles":[3,4,5,3,5,0,1,2,3,1,3,0],"vertices":[1,1,49.49,-71.33,1,1,1,-0.99,-71.33,1,1,1,-0.99,107.67,1,1,1,49.49,107.67,1,1,2,322.88,107.51,1,1,2,322.79,-71.49,1],"hull":6,"edges":[2,4,8,10,4,6,6,8,2,0,0,10],"width":179,"height":373},"dkjl-jg9":{"type":"mesh","uvs":[1,0.86466,1,1,0,1,0,0.86401,0,0,1,0],"triangles":[3,4,5,3,5,0,2,0,1,2,3,0],"vertices":[1,1,49.49,-97.33,1,1,1,-0.99,-97.33,1,1,1,-0.99,90.67,1,1,1,49.74,90.67,1,1,2,322.87,90.51,1,1,2,322.78,-97.49,1],"hull":6,"edges":[2,4,8,10,4,6,6,8,2,0,0,10],"width":188,"height":373},"dkjl-jg10":{"type":"mesh","uvs":[1,0.86401,1,1,0,1,0,0.86401,0,0,1,0],"triangles":[0,4,5,2,0,1,2,3,0,0,3,4],"vertices":[1,1,49.74,-58.33,1,1,1,-0.99,-58.33,1,1,1,-0.99,126.67,1,1,1,49.74,126.67,1,1,2,322.89,126.51,1,1,2,322.8,-58.49,1],"hull":6,"edges":[2,4,8,10,4,6,6,8,2,0,0,10],"width":185,"height":373},"dkjl-jg11":{"type":"mesh","uvs":[1,0.8653,1,1,0,1,0,0.86401,0,0,1,0],"triangles":[3,4,5,2,3,0,2,0,1,3,5,0],"vertices":[1,1,49.25,-70.33,1,1,1,-0.99,-70.33,1,1,1,-0.99,94.67,1,1,1,49.74,94.67,1,1,2,322.87,94.51,1,1,2,322.79,-70.49,1],"hull":6,"edges":[2,4,8,10,4,6,6,8,2,0,0,10],"width":165,"height":373},"dkjl-jg12":{"type":"mesh","uvs":[1,0.8653,1,1,0,1,0,0.86466,0,0,1,0],"triangles":[3,4,5,3,5,0,2,3,0,2,0,1],"vertices":[1,1,49.25,-71.33,1,1,1,-0.99,-71.33,1,1,1,-0.99,107.67,1,1,1,49.49,107.67,1,1,2,322.88,107.51,1,1,2,322.79,-71.49,1],"hull":6,"edges":[2,4,8,10,4,6,6,8,2,0,0,10],"width":179,"height":373},"dkjl-jg13":{"type":"mesh","uvs":[1,0.86466,1,1,0,1,0,0.86401,0,0,1,0],"triangles":[3,4,5,3,5,0,2,0,1,2,3,0],"vertices":[1,1,49.49,-71.33,1,1,1,-0.99,-71.33,1,1,1,-0.99,107.67,1,1,1,49.74,107.67,1,1,2,322.88,107.51,1,1,2,322.79,-71.49,1],"hull":6,"edges":[2,4,8,10,4,6,6,8,2,0,0,10],"width":179,"height":373},"dkjl-jg14":{"type":"mesh","uvs":[1,0.86401,1,1,0,1,0,0.86336,0,0,1,0],"triangles":[3,4,5,2,3,0,2,0,1,3,5,0],"vertices":[1,1,49.74,-97.33,1,1,1,-0.99,-97.33,1,1,1,-0.99,90.67,1,1,1,49.98,90.67,1,1,2,322.87,90.51,1,1,2,322.78,-97.49,1],"hull":6,"edges":[2,4,8,10,4,6,6,8,2,0,0,10],"width":188,"height":373},"dkjl-jg15":{"type":"mesh","uvs":[1,0.86466,1,1,0,1,0,0.86401,0,0,1,0],"triangles":[3,4,5,3,5,0,2,3,0,2,0,1],"vertices":[1,1,49.49,-58.33,1,1,1,-0.99,-58.33,1,1,1,-0.99,126.67,1,1,1,49.74,126.67,1,1,2,322.89,126.51,1,1,2,322.8,-58.49,1],"hull":6,"edges":[2,4,8,10,4,6,6,8,2,0,0,10],"width":185,"height":373}}}}],"animations":{"animation":{"slots":{"dkjl-jg1":{"attachment":[{"name":"dkjl-jg1"},{"time":0.0333,"name":"dkjl-jg2"},{"time":0.0667,"name":"dkjl-jg3"},{"time":0.1,"name":"dkjl-jg4"},{"time":0.1333,"name":"dkjl-jg5"},{"time":0.1667,"name":"dkjl-jg6"},{"time":0.2,"name":"dkjl-jg7"},{"time":0.2333,"name":"dkjl-jg8"},{"time":0.2667,"name":"dkjl-jg9"},{"time":0.3,"name":"dkjl-jg10"},{"time":0.3333,"name":"dkjl-jg11"},{"time":0.3667,"name":"dkjl-jg12"},{"time":0.4,"name":"dkjl-jg13"},{"time":0.4333,"name":"dkjl-jg14"},{"time":0.4667,"name":"dkjl-jg15"}]}}}}}